threads,ms_min
1,268.342099
2,164.917121
4,120.936419
